"","V106","V114","V150","V151","V169","V170","V191","V188","alcohol","marj_use"
"1",1,1,1,3,1,1,7,1,0,0
"2",1,1,1,2,2,1,6,1,0,0
"3",2,2,1,2,1,1,4,1,1.5,1.5
"4",1,1,1,2,1,1,1,0,0,0
"5",1,1,1,3,1,1,1,0,0,0
"6",1,1,1,2,1,1,6,1,0,0
"7",1,1,1,3,2,1,1,1,0,0
"8",1,1,1,2,2,1,3,1,0,0
"9",2,1,1,2,1,1,6,1,1.5,0
"10",2,4,1,2,2,1,2,1,1.5,7.5
"11",3,2,1,2,1,1,8,1,4,1.5
"12",3,5,1,2,1,1,6,1,4,14.5
"13",1,1,1,2,2,1,6,1,0,0
"14",1,1,1,2,1,1,1,0,0,0
"15",4,2,1,2,2,1,6,1,7.5,1.5
"16",3,1,1,3,1,1,1,0,4,0
"17",2,1,1,2,2,1,6,1,1.5,0
"18",3,1,1,2,2,1,8,0,4,0
"19",1,7,1,NA,1,1,1,0,0,40
"20",1,2,1,2,1,1,3,1,0,1.5
"21",2,1,1,2,1,1,1,1,1.5,0
"22",2,1,1,2,2,1,8,1,1.5,0
"23",2,1,1,2,1,1,1,1,1.5,0
"24",1,1,1,2,4,1,3,1,0,0
"25",1,1,1,2,1,1,1,1,0,0
"26",2,1,1,3,2,1,1,0,1.5,0
"27",1,1,1,2,2,1,7,1,0,0
"28",5,1,1,2,1,1,1,0,14.5,0
"29",1,1,1,2,1,1,4,1,0,0
"30",4,1,1,NA,4,1,1,0,7.5,0
"31",1,1,1,2,1,1,8,1,0,0
"32",5,2,1,2,2,1,6,0,14.5,1.5
"33",1,1,1,3,1,1,1,1,0,0
"34",1,1,1,1,2,1,8,0,0,0
"35",1,1,1,2,2,1,1,1,0,0
"36",1,1,1,2,2,1,1,0,0,0
"37",4,7,1,2,1,1,NA,0,7.5,40
"38",1,1,1,1,2,1,1,1,0,0
"39",7,7,1,1,1,1,1,0,40,40
"40",6,1,1,2,2,1,8,1,30,0
"41",1,1,1,NA,1,1,6,1,0,0
"42",3,1,1,2,2,1,4,1,4,0
"43",7,4,1,2,1,1,1,0,40,7.5
"44",5,6,1,2,2,1,5,1,14.5,30
"45",3,1,1,2,2,1,7,1,4,0
"46",6,3,1,2,1,1,4,1,30,4
"47",2,1,1,NA,2,1,8,1,1.5,0
"48",4,4,1,2,1,1,1,0,7.5,7.5
"49",6,1,1,2,1,1,8,1,30,0
"50",1,1,1,2,3,1,6,0,0,0
"51",1,1,1,2,1,1,6,0,0,0
"52",4,4,1,2,2,1,4,1,7.5,7.5
"53",2,1,1,NA,1,1,6,0,1.5,0
"54",7,7,1,3,1,1,1,1,40,40
"55",4,3,1,3,1,1,1,0,7.5,4
"56",1,7,1,2,1,1,5,0,0,40
"57",3,7,1,2,2,1,6,1,4,40
"58",5,2,1,2,2,1,8,1,14.5,1.5
"59",1,1,1,1,3,1,7,0,0,0
"60",2,1,1,2,2,1,1,0,1.5,0
"61",1,1,1,NA,2,1,3,1,0,0
"62",7,1,1,1,2,1,6,0,40,0
"63",3,1,1,2,2,1,5,1,4,0
"64",1,1,1,2,1,1,1,1,0,0
"65",3,7,1,1,1,1,1,1,4,40
"66",3,1,1,2,2,1,1,1,4,0
"67",3,5,1,2,1,1,5,0,4,14.5
"68",2,2,1,2,4,1,3,0,1.5,1.5
"69",2,1,1,NA,2,1,1,1,1.5,0
"70",5,3,1,2,1,1,8,1,14.5,4
"71",2,7,1,NA,2,1,6,1,1.5,40
"72",2,1,1,2,1,1,2,1,1.5,0
"73",1,1,1,NA,2,1,3,1,0,0
"74",1,1,1,2,1,1,1,1,0,0
"75",1,1,1,2,1,1,5,1,0,0
"76",1,1,1,2,1,1,3,1,0,0
"77",3,1,1,2,4,1,3,1,4,0
"78",5,1,1,2,1,1,6,1,14.5,0
"79",1,1,1,NA,1,1,8,0,0,0
"80",2,1,1,2,1,1,2,1,1.5,0
"81",4,5,1,2,1,1,6,0,7.5,14.5
"82",1,1,1,2,1,1,6,1,0,0
"83",2,1,1,2,1,1,4,1,1.5,0
"84",1,1,1,2,1,1,6,NA,0,0
"85",3,6,1,2,1,1,2,1,4,30
"86",3,1,1,2,2,1,2,1,4,0
"87",1,1,1,2,1,1,1,1,0,0
"88",5,5,1,2,2,1,4,1,14.5,14.5
"89",2,1,1,2,1,1,2,1,1.5,0
"90",4,1,1,2,1,1,8,1,7.5,0
"91",1,1,1,2,1,1,8,1,0,0
"92",4,1,1,2,1,1,1,1,7.5,0
"93",3,1,1,2,1,1,6,0,4,0
"94",3,2,1,1,2,1,7,0,4,1.5
"95",7,7,1,NA,1,1,6,NA,40,40
"96",2,1,1,2,1,1,1,0,1.5,0
"97",1,1,1,2,2,1,NA,NA,0,0
"98",1,1,1,3,1,1,1,1,0,0
"99",5,1,1,2,2,1,1,1,14.5,0
"100",2,1,1,1,2,1,1,1,1.5,0
"101",7,2,1,2,2,1,1,1,40,1.5
"102",1,1,1,2,1,1,4,1,0,0
"103",6,1,1,2,2,1,6,0,30,0
"104",3,7,1,2,1,1,5,1,4,40
"105",1,1,1,1,1,1,6,1,0,0
"106",1,1,1,2,1,1,1,0,0,0
"107",3,1,1,2,1,1,5,1,4,0
"108",1,1,1,1,2,1,8,1,0,0
"109",3,2,1,NA,1,1,6,0,4,1.5
"110",1,4,1,2,1,1,4,1,0,7.5
"111",2,2,1,3,1,1,7,1,1.5,1.5
"112",2,1,1,2,1,1,4,0,1.5,0
"113",1,1,1,2,1,1,1,1,0,0
"114",4,3,1,2,2,1,8,1,7.5,4
"115",1,1,1,2,3,1,1,1,0,0
"116",1,1,1,2,1,1,3,1,0,0
"117",2,1,1,NA,1,1,5,NA,1.5,0
"118",1,1,1,NA,1,1,4,1,0,0
"119",1,1,1,2,2,1,8,0,0,0
"120",3,5,1,2,2,1,1,1,4,14.5
"121",2,1,1,2,4,2,1,1,1.5,0
"122",5,7,1,1,4,2,1,1,14.5,40
"123",3,1,1,2,4,2,1,1,4,0
"124",2,1,1,2,4,2,4,1,1.5,0
"125",3,7,1,2,1,2,1,0,4,40
"126",3,7,1,2,1,2,3,0,4,40
"127",7,7,1,2,3,2,2,1,40,40
"128",1,1,1,2,4,2,1,1,0,0
"129",2,1,1,3,2,2,3,1,1.5,0
"130",1,1,1,2,4,2,1,1,0,0
"131",6,1,1,2,1,2,2,1,30,0
"132",1,1,1,1,2,2,1,1,0,0
"133",2,6,1,2,2,2,5,1,1.5,30
"134",1,1,1,2,2,2,5,1,0,0
"135",7,1,1,1,2,2,1,0,40,0
"136",5,3,1,2,2,2,4,1,14.5,4
"137",2,1,1,2,4,2,NA,NA,1.5,0
"138",2,1,1,3,2,2,3,1,1.5,0
"139",2,1,1,2,2,2,7,1,1.5,0
"140",1,1,1,1,2,2,2,1,0,0
"141",2,7,1,2,2,2,NA,NA,1.5,40
"142",3,1,1,2,2,2,5,1,4,0
"143",3,1,1,2,3,2,NA,NA,4,0
"144",1,1,1,2,2,2,4,0,0,0
"145",1,1,1,2,1,2,5,1,0,0
"146",4,1,1,2,2,2,8,0,7.5,0
"147",1,1,1,1,4,2,7,1,0,0
"148",6,1,1,NA,3,2,1,1,30,0
"149",2,1,1,2,3,2,1,1,1.5,0
"150",1,1,1,2,1,2,NA,0,0,0
"151",7,1,1,2,2,2,6,1,40,0
"152",3,5,1,2,2,2,5,1,4,14.5
"153",1,1,1,2,1,2,1,NA,0,0
"154",1,1,1,2,2,2,1,1,0,0
"155",6,7,1,2,2,2,7,0,30,40
"156",5,1,1,3,2,2,4,NA,14.5,0
"157",2,1,1,2,2,2,4,1,1.5,0
"158",3,1,1,2,2,2,2,1,4,0
"159",2,1,1,2,2,2,NA,NA,1.5,0
"160",2,1,1,3,4,2,1,1,1.5,0
"161",7,1,1,2,1,2,8,1,40,0
"162",1,1,1,2,4,2,3,1,0,0
"163",1,1,1,2,2,2,5,1,0,0
"164",4,3,1,2,1,2,5,1,7.5,4
"165",3,2,1,2,2,2,5,1,4,1.5
"166",3,5,1,NA,3,2,3,NA,4,14.5
"167",1,1,1,2,2,2,5,0,0,0
"168",1,1,1,2,4,2,8,1,0,0
"169",1,1,1,2,1,2,3,1,0,0
"170",6,6,1,2,3,2,4,1,30,30
"171",1,1,1,2,1,2,1,1,0,0
"172",7,2,1,2,2,2,8,1,40,1.5
"173",3,6,1,NA,1,2,5,0,4,30
"174",2,1,1,2,2,2,1,NA,1.5,0
"175",3,7,1,2,2,2,1,0,4,40
"176",6,1,1,2,2,2,1,1,30,0
"177",3,7,1,2,2,2,3,0,4,40
"178",1,1,1,2,4,2,2,1,0,0
"179",2,1,1,3,2,2,1,1,1.5,0
"180",1,1,1,NA,2,2,4,1,0,0
"181",1,4,1,2,4,2,NA,NA,0,7.5
"182",1,1,1,2,4,2,2,1,0,0
"183",1,1,1,NA,4,2,6,1,0,0
"184",1,1,1,3,1,2,6,1,0,0
"185",2,1,1,2,4,2,5,1,1.5,0
"186",3,5,1,NA,2,2,8,1,4,14.5
"187",3,2,1,2,3,2,8,1,4,1.5
"188",3,1,1,2,4,2,3,1,4,0
"189",1,1,1,2,1,2,3,1,0,0
"190",3,5,1,2,2,2,4,1,4,14.5
"191",1,1,1,2,3,2,5,1,0,0
"192",1,7,1,2,1,2,8,1,0,40
"193",3,3,1,2,1,2,1,1,4,4
"194",2,1,1,NA,2,2,6,1,1.5,0
"195",1,1,1,2,2,2,3,1,0,0
"196",6,7,1,2,2,2,6,0,30,40
"197",1,1,1,2,2,2,5,1,0,0
"198",4,3,1,2,4,2,3,0,7.5,4
"199",2,5,1,2,4,2,NA,NA,1.5,14.5
"200",1,1,1,2,2,2,3,1,0,0
"201",5,1,1,2,1,2,6,1,14.5,0
"202",1,1,1,2,2,2,2,0,0,0
"203",2,1,1,2,2,2,6,1,1.5,0
"204",1,1,1,2,3,2,4,1,0,0
"205",2,1,1,3,1,2,8,1,1.5,0
"206",1,1,1,2,2,2,NA,1,0,0
"207",1,1,1,1,1,2,3,1,0,0
"208",6,1,1,2,4,2,6,1,30,0
"209",4,1,1,2,3,2,1,1,7.5,0
"210",1,1,1,3,2,2,5,1,0,0
"211",1,7,1,2,3,2,1,0,0,40
"212",1,1,1,3,2,2,8,0,0,0
"213",3,1,1,2,2,2,3,1,4,0
"214",3,1,1,2,4,2,1,0,4,0
"215",5,6,1,2,3,2,8,1,14.5,30
"216",1,1,1,2,2,2,8,1,0,0
"217",1,1,1,NA,2,2,1,1,0,0
"218",3,7,1,3,1,2,8,1,4,40
"219",2,1,1,3,1,2,1,1,1.5,0
"220",3,1,1,2,2,2,6,0,4,0
"221",2,2,1,2,2,2,4,1,1.5,1.5
"222",7,7,1,2,2,2,6,0,40,40
"223",2,1,1,3,2,2,7,0,1.5,0
"224",5,5,1,NA,2,2,4,1,14.5,14.5
"225",4,1,1,2,3,2,8,0,7.5,0
"226",1,1,1,2,2,2,1,1,0,0
"227",2,1,1,2,2,2,4,1,1.5,0
"228",1,1,1,2,2,2,1,1,0,0
"229",1,1,1,2,4,2,7,0,0,0
"230",4,6,1,2,4,2,3,1,7.5,30
"231",3,1,1,2,3,2,8,1,4,0
"232",2,1,1,2,3,2,5,1,1.5,0
"233",2,3,1,2,2,2,5,1,1.5,4
"234",4,6,1,2,2,2,1,1,7.5,30
"235",1,1,1,2,2,2,1,1,0,0
"236",2,1,1,NA,2,2,3,1,1.5,0
"237",2,1,1,2,3,2,8,0,1.5,0
"238",1,1,1,NA,4,2,4,0,0,0
"239",1,1,1,3,2,2,1,1,0,0
"240",2,1,1,2,2,2,4,1,1.5,0
"241",2,1,1,2,2,3,8,0,1.5,0
"242",2,2,1,2,4,3,1,1,1.5,1.5
"243",2,1,1,2,2,3,6,0,1.5,0
"244",2,1,1,2,2,3,3,1,1.5,0
"245",1,1,1,3,3,3,1,1,0,0
"246",2,1,1,2,2,3,8,1,1.5,0
"247",1,1,1,2,2,3,1,1,0,0
"248",2,1,1,NA,2,3,5,1,1.5,0
"249",4,1,1,2,3,3,6,1,7.5,0
"250",2,1,1,2,3,3,6,1,1.5,0
"251",4,2,1,NA,2,3,NA,NA,7.5,1.5
"252",1,1,1,NA,4,3,1,1,0,0
"253",2,1,1,2,4,3,5,1,1.5,0
"254",7,1,1,2,4,3,3,1,40,0
"255",2,1,1,2,3,3,5,1,1.5,0
"256",1,1,1,1,4,3,7,0,0,0
"257",3,3,1,2,4,3,5,1,4,4
"258",3,6,1,2,3,3,NA,NA,4,30
"259",1,1,1,1,4,3,7,1,0,0
"260",2,1,1,2,4,3,7,1,1.5,0
"261",3,7,1,2,3,3,8,1,4,40
"262",1,1,1,2,3,3,4,1,0,0
"263",1,1,1,2,4,3,6,1,0,0
"264",2,5,1,2,4,3,5,0,1.5,14.5
"265",3,7,1,1,3,3,6,1,4,40
"266",1,1,1,3,1,3,1,1,0,0
"267",2,1,1,2,4,3,2,1,1.5,0
"268",2,1,1,3,3,3,NA,NA,1.5,0
"269",2,1,1,2,4,3,5,1,1.5,0
"270",1,1,1,2,1,3,2,1,0,0
"271",1,1,1,NA,2,3,4,1,0,0
"272",1,1,1,1,1,3,1,1,0,0
"273",2,1,1,2,4,3,5,1,1.5,0
"274",5,1,1,2,2,3,6,1,14.5,0
"275",2,1,1,2,4,3,1,1,1.5,0
"276",1,1,1,NA,3,3,1,1,0,0
"277",1,1,1,NA,3,3,3,0,0,0
"278",5,4,1,2,2,3,5,1,14.5,7.5
"279",1,1,1,2,4,3,5,1,0,0
"280",4,2,1,2,2,3,6,1,7.5,1.5
"281",2,3,1,2,4,3,5,0,1.5,4
"282",1,1,1,NA,2,3,8,1,0,0
"283",3,1,1,2,4,3,3,0,4,0
"284",1,1,1,2,2,3,1,1,0,0
"285",3,1,1,2,4,3,1,1,4,0
"286",5,1,1,NA,2,3,7,1,14.5,0
"287",5,3,1,3,2,3,1,1,14.5,4
"288",3,1,1,2,2,3,5,1,4,0
"289",1,1,1,2,4,3,1,1,0,0
"290",6,3,1,2,4,3,1,0,30,4
"291",1,1,1,2,1,3,8,0,0,0
"292",1,1,1,2,4,3,1,1,0,0
"293",3,4,1,2,2,3,1,0,4,7.5
"294",1,1,1,2,2,3,5,0,0,0
"295",2,6,1,1,2,3,8,1,1.5,30
"296",2,3,1,2,4,3,4,1,1.5,4
"297",6,5,1,2,3,3,7,1,30,14.5
"298",1,1,1,NA,2,3,1,1,0,0
"299",2,1,1,2,2,3,5,0,1.5,0
"300",1,1,1,2,3,3,5,0,0,0
"301",1,1,1,NA,2,3,1,0,0,0
"302",1,1,1,2,4,3,4,1,0,0
"303",2,1,1,NA,3,3,1,1,1.5,0
"304",1,1,1,2,4,3,3,1,0,0
"305",1,1,1,2,4,3,3,1,0,0
"306",2,1,1,1,4,3,5,0,1.5,0
"307",3,1,1,2,4,3,2,1,4,0
"308",1,1,1,2,4,3,3,1,0,0
"309",1,1,1,2,4,3,1,1,0,0
"310",1,1,1,2,4,3,1,1,0,0
"311",5,1,1,2,4,3,1,0,14.5,0
"312",1,1,1,3,3,3,1,1,0,0
"313",1,1,1,3,2,3,1,1,0,0
"314",2,1,1,2,4,3,6,0,1.5,0
"315",1,1,1,2,3,3,3,0,0,0
"316",7,2,1,2,2,3,7,1,40,1.5
"317",2,1,1,2,2,3,4,1,1.5,0
"318",2,1,1,2,2,3,7,0,1.5,0
"319",3,1,1,2,2,3,1,1,4,0
"320",2,1,1,NA,2,3,2,1,1.5,0
"321",4,1,1,2,4,3,1,1,7.5,0
"322",3,3,1,2,2,3,7,1,4,4
"323",7,2,1,3,2,3,NA,NA,40,1.5
"324",4,5,1,2,4,3,3,1,7.5,14.5
"325",3,1,1,2,3,3,2,1,4,0
"326",2,1,1,2,2,3,1,1,1.5,0
"327",2,1,1,2,2,3,5,0,1.5,0
"328",3,1,1,1,3,3,8,1,4,0
"329",1,1,1,NA,2,3,NA,NA,0,0
"330",4,1,1,2,4,3,1,1,7.5,0
"331",1,1,1,2,4,3,3,0,0,0
"332",7,1,1,2,2,3,1,0,40,0
"333",1,2,1,1,4,3,5,1,0,1.5
"334",7,1,1,NA,4,3,2,1,40,0
"335",2,1,1,2,3,3,1,0,1.5,0
"336",2,1,1,2,1,3,4,1,1.5,0
"337",1,1,1,2,4,3,6,1,0,0
"338",5,1,1,2,2,3,2,1,14.5,0
"339",2,1,1,1,4,3,3,1,1.5,0
"340",1,1,1,3,4,3,5,1,0,0
"341",4,7,1,2,2,3,1,0,7.5,40
"342",1,1,1,2,2,3,2,1,0,0
"343",1,1,1,2,4,3,5,0,0,0
"344",1,1,1,3,2,3,1,1,0,0
"345",1,1,1,3,1,3,NA,NA,0,0
"346",3,1,1,2,4,3,7,0,4,0
"347",1,1,1,1,4,3,1,1,0,0
"348",2,1,1,2,3,3,1,1,1.5,0
"349",3,7,1,2,2,3,4,1,4,40
"350",1,2,1,3,3,3,7,1,0,1.5
"351",1,1,1,NA,3,3,5,1,0,0
"352",1,1,1,2,4,3,1,1,0,0
"353",1,1,1,2,4,3,2,1,0,0
"354",1,1,1,2,2,3,8,1,0,0
"355",1,1,1,NA,2,3,1,0,0,0
"356",3,1,1,2,4,3,3,1,4,0
"357",6,1,1,2,3,3,2,1,30,0
"358",1,1,1,3,4,3,1,1,0,0
"359",1,1,1,3,4,3,8,1,0,0
"360",1,1,1,2,2,3,1,1,0,0
"361",1,1,1,2,4,4,6,1,0,0
"362",3,1,1,2,3,4,1,1,4,0
"363",5,1,1,1,4,4,8,1,14.5,0
"364",1,1,1,2,2,4,7,1,0,0
"365",1,1,1,1,3,4,1,0,0,0
"366",1,1,1,2,4,4,4,1,0,0
"367",2,1,1,2,4,4,1,0,1.5,0
"368",2,6,1,1,3,4,8,0,1.5,30
"369",1,1,1,NA,4,4,7,1,0,0
"370",1,1,1,NA,4,4,1,1,0,0
"371",1,1,1,NA,4,4,6,1,0,0
"372",2,1,1,2,4,4,7,1,1.5,0
"373",1,1,1,2,4,4,6,1,0,0
"374",1,1,1,1,4,4,7,1,0,0
"375",1,1,1,2,2,4,2,1,0,0
"376",1,1,1,1,4,4,8,0,0,0
"377",1,1,1,NA,2,4,1,1,0,0
"378",1,1,1,2,4,4,5,1,0,0
"379",2,1,1,2,4,4,8,0,1.5,0
"380",2,1,1,2,4,4,4,0,1.5,0
"381",1,1,1,2,4,4,3,1,0,0
"382",1,1,1,2,4,4,4,1,0,0
"383",2,2,1,2,4,4,5,1,1.5,1.5
"384",1,1,1,2,3,4,6,1,0,0
"385",2,1,1,1,4,4,NA,NA,1.5,0
"386",2,1,1,2,4,4,1,1,1.5,0
"387",1,1,1,3,4,4,1,1,0,0
"388",1,1,1,2,4,4,5,1,0,0
"389",1,1,1,2,4,4,6,1,0,0
"390",2,1,1,2,4,4,5,1,1.5,0
"391",2,1,1,2,4,4,6,1,1.5,0
"392",5,1,1,2,4,4,8,1,14.5,0
"393",1,1,1,2,4,4,1,0,0,0
"394",4,1,1,2,4,4,1,0,7.5,0
"395",2,2,1,2,4,4,6,1,1.5,1.5
"396",2,1,1,3,4,4,1,1,1.5,0
"397",6,2,1,2,2,4,NA,0,30,1.5
"398",1,1,1,3,2,4,8,1,0,0
"399",1,1,1,1,4,4,1,1,0,0
"400",3,3,1,3,2,4,1,1,4,4
"401",1,1,1,NA,4,4,1,1,0,0
"402",1,1,1,2,3,4,3,1,0,0
"403",2,1,1,NA,4,4,5,1,1.5,0
"404",2,1,1,2,3,4,NA,NA,1.5,0
"405",3,1,1,2,3,4,2,1,4,0
"406",5,6,1,2,2,4,6,1,14.5,30
"407",1,1,1,2,4,4,2,1,0,0
"408",1,7,1,2,4,4,1,0,0,40
"409",1,1,1,1,4,4,NA,NA,0,0
"410",1,1,1,1,4,4,8,1,0,0
"411",1,1,1,NA,3,4,2,1,0,0
"412",1,1,1,2,2,4,8,0,0,0
"413",1,1,1,1,4,4,4,1,0,0
"414",5,1,1,NA,4,4,7,0,14.5,0
"415",2,1,1,1,4,4,5,1,1.5,0
"416",1,1,1,1,4,4,7,1,0,0
"417",1,1,1,1,4,4,1,0,0,0
"418",1,1,1,1,2,4,1,1,0,0
"419",2,1,1,3,4,4,8,0,1.5,0
"420",3,2,1,1,4,4,8,1,4,1.5
"421",1,1,1,2,4,4,5,1,0,0
"422",2,1,1,2,3,4,8,1,1.5,0
"423",6,1,1,2,4,4,3,0,30,0
"424",1,1,1,NA,3,4,5,1,0,0
"425",1,1,1,2,4,4,1,1,0,0
"426",1,1,1,2,4,4,4,1,0,0
"427",7,1,1,2,4,4,3,0,40,0
"428",7,1,1,2,3,4,1,1,40,0
"429",2,2,1,2,2,4,6,1,1.5,1.5
"430",2,5,1,2,4,4,3,1,1.5,14.5
"431",2,1,1,3,4,4,7,1,1.5,0
"432",2,1,1,2,4,4,7,1,1.5,0
"433",1,1,1,2,4,4,2,1,0,0
"434",1,1,1,1,4,4,1,1,0,0
"435",1,1,1,2,4,4,1,1,0,0
"436",1,1,1,1,4,4,1,1,0,0
"437",1,1,1,1,2,4,3,1,0,0
"438",2,3,1,2,1,4,3,1,1.5,4
"439",1,1,1,1,4,4,1,1,0,0
"440",4,1,1,2,4,4,5,0,7.5,0
"441",1,1,1,1,1,4,1,1,0,0
"442",1,1,1,NA,1,4,1,1,0,0
"443",1,1,1,2,4,4,5,1,0,0
"444",3,1,1,2,3,4,3,1,4,0
"445",5,1,1,2,4,4,5,1,14.5,0
"446",2,7,1,1,4,4,7,1,1.5,40
"447",1,1,1,1,4,4,5,1,0,0
"448",1,1,1,1,4,4,5,1,0,0
"449",2,1,1,2,4,4,3,1,1.5,0
"450",1,1,1,2,4,4,4,1,0,0
"451",1,1,1,2,3,4,1,1,0,0
"452",4,2,1,NA,3,4,5,1,7.5,1.5
"453",1,1,1,2,4,4,1,1,0,0
"454",1,1,1,2,2,4,1,1,0,0
"455",1,1,1,2,4,4,6,1,0,0
"456",2,1,1,2,4,4,1,1,1.5,0
"457",2,1,1,2,2,4,5,1,1.5,0
"458",1,1,1,NA,4,4,1,1,0,0
"459",1,1,1,2,4,4,1,1,0,0
"460",2,1,1,2,2,4,1,0,1.5,0
"461",1,1,1,2,4,4,1,1,0,0
"462",1,1,1,2,4,4,6,1,0,0
"463",1,7,1,2,4,4,5,1,0,40
"464",1,1,1,1,4,4,5,NA,0,0
"465",1,1,1,1,4,4,5,1,0,0
"466",3,1,1,2,4,4,3,0,4,0
"467",1,1,1,1,4,4,1,1,0,0
"468",3,1,1,2,4,4,5,1,4,0
"469",3,7,1,2,2,4,8,0,4,40
"470",2,1,1,2,2,4,8,1,1.5,0
"471",1,1,1,2,4,4,2,1,0,0
"472",1,1,1,2,4,4,4,1,0,0
"473",1,1,1,2,4,4,4,1,0,0
"474",1,1,1,2,1,4,5,0,0,0
"475",1,1,1,2,4,4,4,1,0,0
"476",1,1,1,NA,3,4,6,1,0,0
"477",2,1,1,1,4,4,1,1,1.5,0
"478",4,1,1,NA,3,4,NA,NA,7.5,0
"479",1,1,1,1,4,4,8,1,0,0
"480",1,1,1,1,4,4,5,1,0,0
"481",1,1,2,2,2,1,1,0,0,0
"482",1,1,2,2,4,1,4,1,0,0
"483",1,1,2,2,3,1,6,1,0,0
"484",1,1,2,2,2,1,7,1,0,0
"485",5,6,2,2,1,1,5,1,14.5,30
"486",1,1,2,2,1,1,1,1,0,0
"487",1,1,2,2,1,1,1,0,0,0
"488",2,3,2,2,1,1,1,1,1.5,4
"489",3,1,2,NA,1,1,4,1,4,0
"490",2,1,2,2,1,1,5,1,1.5,0
"491",2,2,2,2,1,1,5,1,1.5,1.5
"492",6,5,2,2,1,1,1,1,30,14.5
"493",1,1,2,2,1,1,6,1,0,0
"494",3,1,2,2,2,1,5,0,4,0
"495",1,1,2,2,1,1,1,1,0,0
"496",1,1,2,2,1,1,7,1,0,0
"497",2,1,2,1,1,1,6,0,1.5,0
"498",1,1,2,3,2,1,5,1,0,0
"499",3,2,2,2,1,1,4,1,4,1.5
"500",2,1,2,2,1,1,7,1,1.5,0
"501",1,1,2,2,2,1,4,1,0,0
"502",1,1,2,2,1,1,3,1,0,0
"503",2,3,2,2,1,1,1,0,1.5,4
"504",2,1,2,2,1,1,1,1,1.5,0
"505",1,1,2,2,1,1,1,0,0,0
"506",2,1,2,2,2,1,7,1,1.5,0
"507",2,4,2,2,1,1,2,1,1.5,7.5
"508",1,1,2,2,1,1,1,0,0,0
"509",3,1,2,NA,1,1,1,1,4,0
"510",1,1,2,2,2,1,3,1,0,0
"511",5,5,2,2,2,1,7,1,14.5,14.5
"512",4,3,2,2,1,1,4,1,7.5,4
"513",2,1,2,2,1,1,4,1,1.5,0
"514",2,1,2,2,2,1,3,1,1.5,0
"515",1,1,2,2,2,1,1,1,0,0
"516",3,6,2,2,1,1,6,0,4,30
"517",2,2,2,2,1,1,1,1,1.5,1.5
"518",3,2,2,2,1,1,7,0,4,1.5
"519",2,2,2,3,1,1,7,1,1.5,1.5
"520",1,1,2,2,1,1,1,1,0,0
"521",1,1,2,2,1,1,2,1,0,0
"522",1,1,2,2,1,1,NA,1,0,0
"523",1,1,2,2,2,1,1,1,0,0
"524",2,5,2,2,1,1,8,1,1.5,14.5
"525",1,1,2,2,1,1,2,1,0,0
"526",4,1,2,2,1,1,3,1,7.5,0
"527",1,1,2,2,1,1,4,1,0,0
"528",1,1,2,2,1,1,2,0,0,0
"529",1,1,2,2,1,1,1,1,0,0
"530",1,1,2,2,1,1,2,1,0,0
"531",1,1,2,NA,2,1,1,0,0,0
"532",4,1,2,2,2,1,5,1,7.5,0
"533",2,2,2,2,1,1,5,1,1.5,1.5
"534",1,1,2,1,1,1,5,1,0,0
"535",2,3,2,2,1,1,5,1,1.5,4
"536",1,1,2,2,1,1,7,1,0,0
"537",5,4,2,2,2,1,4,1,14.5,7.5
"538",2,2,2,NA,2,1,5,1,1.5,1.5
"539",7,7,2,NA,2,1,5,0,40,40
"540",3,7,2,2,1,1,4,1,4,40
"541",1,1,2,2,1,1,4,0,0,0
"542",2,2,2,3,1,1,4,1,1.5,1.5
"543",2,1,2,NA,2,1,5,1,1.5,0
"544",5,2,2,2,1,1,2,1,14.5,1.5
"545",1,6,2,2,2,1,4,1,0,30
"546",3,3,2,2,1,1,NA,NA,4,4
"547",5,7,2,2,1,1,1,1,14.5,40
"548",1,1,2,2,1,1,3,0,0,0
"549",2,1,2,2,1,1,7,1,1.5,0
"550",2,5,2,2,1,1,1,NA,1.5,14.5
"551",2,1,2,2,1,1,5,1,1.5,0
"552",3,1,2,2,1,1,1,1,4,0
"553",2,2,2,2,1,1,1,1,1.5,1.5
"554",3,1,2,2,1,1,3,1,4,0
"555",1,1,2,2,1,1,7,0,0,0
"556",2,1,2,2,2,1,5,1,1.5,0
"557",1,1,2,2,1,1,6,1,0,0
"558",2,1,2,2,1,1,8,1,1.5,0
"559",1,1,2,2,2,1,1,1,0,0
"560",1,1,2,2,1,1,1,1,0,0
"561",4,2,2,2,1,1,3,1,7.5,1.5
"562",1,1,2,2,2,1,3,1,0,0
"563",1,2,2,2,1,1,4,1,0,1.5
"564",1,1,2,2,1,1,2,1,0,0
"565",1,2,2,2,1,1,3,0,0,1.5
"566",2,7,2,2,1,1,1,0,1.5,40
"567",1,2,2,2,2,1,6,1,0,1.5
"568",1,1,2,NA,1,1,3,1,0,0
"569",2,1,2,1,1,1,NA,NA,1.5,0
"570",2,2,2,1,2,1,7,1,1.5,1.5
"571",3,5,2,2,1,1,3,0,4,14.5
"572",3,6,2,2,1,1,4,1,4,30
"573",2,1,2,2,2,1,4,0,1.5,0
"574",5,1,2,2,2,1,5,1,14.5,0
"575",2,3,2,2,1,1,1,1,1.5,4
"576",3,1,2,2,1,1,7,1,4,0
"577",3,5,2,3,1,1,5,1,4,14.5
"578",1,1,2,3,1,1,1,1,0,0
"579",1,1,2,2,1,1,5,1,0,0
"580",5,1,2,3,2,1,1,1,14.5,0
"581",2,6,2,2,1,1,5,1,1.5,30
"582",2,1,2,2,2,1,5,1,1.5,0
"583",4,1,2,2,1,1,6,1,7.5,0
"584",2,1,2,2,1,1,6,1,1.5,0
"585",2,2,2,2,2,1,5,1,1.5,1.5
"586",1,2,2,2,1,1,2,1,0,1.5
"587",1,1,2,2,1,1,4,1,0,0
"588",1,1,2,1,1,1,1,1,0,0
"589",2,1,2,2,1,1,3,1,1.5,0
"590",2,1,2,2,1,1,3,1,1.5,0
"591",2,1,2,3,2,1,1,1,1.5,0
"592",5,1,2,1,2,1,1,0,14.5,0
"593",1,1,2,3,1,1,1,1,0,0
"594",2,2,2,2,1,1,6,1,1.5,1.5
"595",1,1,2,2,2,1,5,1,0,0
"596",1,1,2,NA,2,1,1,1,0,0
"597",3,4,2,2,1,1,7,0,4,7.5
"598",4,4,2,2,2,1,4,0,7.5,7.5
"599",5,2,2,2,1,1,3,1,14.5,1.5
"600",2,1,2,2,1,1,4,1,1.5,0
"601",4,6,2,2,2,2,6,1,7.5,30
"602",1,6,2,1,1,2,6,1,0,30
"603",3,1,2,2,2,2,7,1,4,0
"604",7,1,2,2,1,2,4,1,40,0
"605",3,2,2,2,2,2,7,1,4,1.5
"606",1,1,2,2,2,2,5,1,0,0
"607",1,1,2,2,2,2,1,0,0,0
"608",2,1,2,2,3,2,6,1,1.5,0
"609",1,1,2,2,1,2,1,1,0,0
"610",3,1,2,2,2,2,8,1,4,0
"611",2,5,2,2,2,2,5,1,1.5,14.5
"612",1,1,2,NA,2,2,1,1,0,0
"613",1,2,2,NA,4,2,1,1,0,1.5
"614",3,1,2,2,3,2,1,1,4,0
"615",3,1,2,2,2,2,2,1,4,0
"616",2,1,2,2,2,2,4,1,1.5,0
"617",4,1,2,2,3,2,1,1,7.5,0
"618",6,1,2,2,2,2,2,1,30,0
"619",1,1,2,2,2,2,1,1,0,0
"620",7,7,2,2,2,2,8,0,40,40
"621",1,1,2,2,1,2,3,1,0,0
"622",2,1,2,2,2,2,3,1,1.5,0
"623",4,1,2,2,2,2,5,0,7.5,0
"624",2,1,2,2,2,2,5,1,1.5,0
"625",1,1,2,2,1,2,3,1,0,0
"626",1,1,2,2,1,2,1,1,0,0
"627",1,1,2,2,2,2,1,1,0,0
"628",2,1,2,3,1,2,6,1,1.5,0
"629",1,1,2,2,2,2,2,1,0,0
"630",2,3,2,1,2,2,7,1,1.5,4
"631",2,1,2,2,2,2,5,1,1.5,0
"632",2,6,2,NA,2,2,4,1,1.5,30
"633",2,1,2,1,2,2,1,1,1.5,0
"634",1,1,2,2,4,2,1,1,0,0
"635",3,1,2,2,2,2,1,1,4,0
"636",1,1,2,2,1,2,7,1,0,0
"637",1,1,2,2,2,2,3,1,0,0
"638",2,1,2,2,4,2,2,1,1.5,0
"639",1,1,2,2,1,2,1,1,0,0
"640",1,1,2,3,1,2,7,1,0,0
"641",1,1,2,3,2,2,5,1,0,0
"642",2,1,2,2,2,2,8,1,1.5,0
"643",2,1,2,3,2,2,1,1,1.5,0
"644",5,1,2,2,3,2,3,1,14.5,0
"645",1,2,2,3,1,2,1,1,0,1.5
"646",1,1,2,2,2,2,1,1,0,0
"647",3,1,2,2,1,2,7,1,4,0
"648",1,1,2,2,1,2,7,1,0,0
"649",1,1,2,2,2,2,1,1,0,0
"650",1,1,2,NA,2,2,7,1,0,0
"651",1,1,2,2,1,2,6,1,0,0
"652",3,2,2,2,2,2,4,1,4,1.5
"653",2,4,2,NA,2,2,4,1,1.5,7.5
"654",2,1,2,2,2,2,2,1,1.5,0
"655",1,1,2,2,3,2,7,1,0,0
"656",2,1,2,2,2,2,1,1,1.5,0
"657",2,1,2,2,2,2,7,1,1.5,0
"658",4,2,2,2,2,2,8,1,7.5,1.5
"659",1,1,2,1,2,2,1,1,0,0
"660",3,4,2,3,2,2,7,1,4,7.5
"661",3,1,2,2,1,2,1,1,4,0
"662",1,1,2,2,2,2,6,1,0,0
"663",2,1,2,2,3,2,5,1,1.5,0
"664",3,1,2,2,3,2,5,1,4,0
"665",5,1,2,2,3,2,7,1,14.5,0
"666",2,1,2,3,1,2,5,1,1.5,0
"667",2,1,2,2,2,2,1,1,1.5,0
"668",4,5,2,2,1,2,3,1,7.5,14.5
"669",1,1,2,2,2,2,2,1,0,0
"670",3,1,2,NA,2,2,8,1,4,0
"671",1,1,2,1,1,2,1,0,0,0
"672",2,1,2,2,1,2,5,1,1.5,0
"673",2,1,2,2,2,2,1,1,1.5,0
"674",3,5,2,2,2,2,1,0,4,14.5
"675",2,1,2,2,2,2,1,1,1.5,0
"676",4,1,2,2,3,2,6,1,7.5,0
"677",1,1,2,3,2,2,6,1,0,0
"678",1,3,2,2,2,2,5,0,0,4
"679",2,1,2,2,1,2,4,0,1.5,0
"680",2,1,2,1,2,2,4,1,1.5,0
"681",2,1,2,2,2,2,5,1,1.5,0
"682",4,1,2,2,1,2,1,1,7.5,0
"683",2,1,2,2,1,2,1,1,1.5,0
"684",2,1,2,2,2,2,4,1,1.5,0
"685",5,1,2,2,2,2,7,0,14.5,0
"686",4,1,2,2,2,2,6,1,7.5,0
"687",4,2,2,2,2,2,8,1,7.5,1.5
"688",1,1,2,2,3,2,6,1,0,0
"689",5,1,2,3,2,2,8,1,14.5,0
"690",1,1,2,2,2,2,4,1,0,0
"691",2,1,2,2,2,2,4,1,1.5,0
"692",1,1,2,NA,1,2,3,1,0,0
"693",3,3,2,2,3,2,5,1,4,4
"694",1,1,2,2,2,2,3,1,0,0
"695",2,2,2,2,2,2,5,1,1.5,1.5
"696",4,7,2,2,2,2,7,1,7.5,40
"697",1,1,2,2,2,2,2,1,0,0
"698",1,1,2,2,2,2,7,0,0,0
"699",3,1,2,2,2,2,5,1,4,0
"700",4,1,2,2,2,2,8,1,7.5,0
"701",1,1,2,NA,2,2,3,1,0,0
"702",1,1,2,NA,2,2,1,1,0,0
"703",5,1,2,2,2,2,4,1,14.5,0
"704",1,1,2,2,2,2,3,1,0,0
"705",1,1,2,2,2,2,6,1,0,0
"706",1,1,2,2,2,2,6,1,0,0
"707",7,5,2,2,3,2,7,1,40,14.5
"708",1,1,2,2,2,2,5,1,0,0
"709",1,1,2,NA,2,2,3,1,0,0
"710",1,1,2,2,1,2,7,1,0,0
"711",1,1,2,2,2,2,6,1,0,0
"712",2,1,2,2,2,2,6,1,1.5,0
"713",1,1,2,1,2,2,1,1,0,0
"714",2,1,2,1,2,2,1,1,1.5,0
"715",2,1,2,NA,1,2,5,1,1.5,0
"716",2,1,2,2,3,2,5,1,1.5,0
"717",1,1,2,2,4,2,3,1,0,0
"718",1,1,2,2,3,2,1,1,0,0
"719",2,1,2,2,1,2,5,1,1.5,0
"720",1,1,2,2,2,2,6,1,0,0
"721",5,2,2,2,3,3,5,1,14.5,1.5
"722",6,7,2,2,2,3,6,1,30,40
"723",4,1,2,2,1,3,6,1,7.5,0
"724",1,1,2,2,4,3,1,1,0,0
"725",1,1,2,2,2,3,6,1,0,0
"726",1,1,2,2,4,3,5,1,0,0
"727",1,1,2,2,4,3,1,1,0,0
"728",1,1,2,2,1,3,4,1,0,0
"729",1,5,2,2,2,3,7,1,0,14.5
"730",2,1,2,2,3,3,4,1,1.5,0
"731",1,1,2,NA,3,3,5,1,0,0
"732",1,1,2,2,4,3,4,1,0,0
"733",1,1,2,3,3,3,3,1,0,0
"734",5,3,2,2,2,3,4,0,14.5,4
"735",5,4,2,2,1,3,7,NA,14.5,7.5
"736",1,1,2,2,2,3,2,1,0,0
"737",1,1,2,2,4,3,8,1,0,0
"738",4,3,2,3,2,3,4,1,7.5,4
"739",1,1,2,2,2,3,6,0,0,0
"740",3,1,2,2,2,3,1,1,4,0
"741",2,1,2,2,3,3,4,1,1.5,0
"742",2,1,2,2,4,3,3,1,1.5,0
"743",3,1,2,2,2,3,5,0,4,0
"744",3,3,2,2,3,3,5,1,4,4
"745",2,1,2,2,2,3,NA,NA,1.5,0
"746",1,1,2,2,2,3,2,1,0,0
"747",1,1,2,NA,2,3,1,1,0,0
"748",1,1,2,2,4,3,7,1,0,0
"749",1,1,2,2,4,3,1,1,0,0
"750",1,1,2,2,1,3,4,1,0,0
"751",1,1,2,NA,4,3,4,1,0,0
"752",1,1,2,1,3,3,7,1,0,0
"753",1,1,2,2,3,3,8,1,0,0
"754",1,1,2,2,3,3,5,0,0,0
"755",2,1,2,2,2,3,5,1,1.5,0
"756",1,1,2,2,4,3,4,1,0,0
"757",3,1,2,3,4,3,4,0,4,0
"758",1,1,2,NA,3,3,5,1,0,0
"759",1,1,2,2,3,3,5,1,0,0
"760",1,1,2,1,2,3,4,1,0,0
"761",2,1,2,2,2,3,1,1,1.5,0
"762",1,1,2,NA,3,3,1,1,0,0
"763",4,2,2,2,4,3,8,1,7.5,1.5
"764",1,1,2,2,4,3,1,1,0,0
"765",1,1,2,3,4,3,3,1,0,0
"766",1,1,2,1,2,3,8,0,0,0
"767",2,1,2,NA,4,3,1,1,1.5,0
"768",1,1,2,2,1,3,1,1,0,0
"769",1,1,2,2,3,3,3,1,0,0
"770",1,1,2,2,4,3,2,1,0,0
"771",3,1,2,2,3,3,3,1,4,0
"772",1,1,2,2,1,3,1,1,0,0
"773",1,1,2,2,4,3,3,1,0,0
"774",3,5,2,2,2,3,5,1,4,14.5
"775",3,1,2,2,3,3,5,1,4,0
"776",2,1,2,2,4,3,2,1,1.5,0
"777",6,1,2,2,4,3,5,1,30,0
"778",1,1,2,1,2,3,1,1,0,0
"779",1,1,2,2,4,3,2,1,0,0
"780",1,1,2,2,4,3,6,1,0,0
"781",1,1,2,2,2,3,2,1,0,0
"782",1,1,2,2,3,3,5,1,0,0
"783",2,3,2,2,4,3,3,1,1.5,4
"784",1,1,2,NA,2,3,5,1,0,0
"785",1,2,2,1,2,3,8,0,0,1.5
"786",2,5,2,2,2,3,6,1,1.5,14.5
"787",2,1,2,2,3,3,5,1,1.5,0
"788",1,1,2,2,2,3,6,1,0,0
"789",1,1,2,2,4,3,5,1,0,0
"790",2,1,2,2,4,3,5,1,1.5,0
"791",1,1,2,2,2,3,3,1,0,0
"792",3,1,2,2,2,3,3,1,4,0
"793",1,1,2,3,3,3,4,1,0,0
"794",2,1,2,2,2,3,4,1,1.5,0
"795",1,1,2,NA,4,3,6,1,0,0
"796",1,1,2,NA,3,3,5,1,0,0
"797",1,2,2,2,4,3,7,0,0,1.5
"798",2,1,2,3,3,3,6,1,1.5,0
"799",1,1,2,2,3,3,3,1,0,0
"800",5,1,2,2,4,3,3,1,14.5,0
"801",1,1,2,2,2,3,3,1,0,0
"802",1,1,2,2,3,3,1,1,0,0
"803",1,2,2,1,4,3,NA,1,0,1.5
"804",3,1,2,2,2,3,5,1,4,0
"805",1,1,2,2,4,3,2,1,0,0
"806",2,1,2,2,4,3,5,0,1.5,0
"807",1,1,2,2,3,3,1,1,0,0
"808",2,2,2,1,2,3,2,1,1.5,1.5
"809",3,1,2,2,3,3,3,0,4,0
"810",1,1,2,2,3,3,6,1,0,0
"811",6,4,2,2,4,3,6,1,30,7.5
"812",1,1,2,1,3,3,1,1,0,0
"813",2,2,2,2,3,3,8,1,1.5,1.5
"814",1,1,2,3,3,3,1,1,0,0
"815",1,1,2,NA,4,3,6,1,0,0
"816",1,1,2,NA,2,3,1,NA,0,0
"817",1,1,2,2,1,3,1,1,0,0
"818",3,1,2,3,2,3,1,1,4,0
"819",1,1,2,2,4,3,5,1,0,0
"820",2,1,2,1,4,3,5,1,1.5,0
"821",2,1,2,2,4,3,4,1,1.5,0
"822",1,1,2,1,3,3,1,1,0,0
"823",1,1,2,3,3,3,5,1,0,0
"824",1,1,2,2,3,3,6,1,0,0
"825",3,1,2,2,3,3,5,1,4,0
"826",1,1,2,2,2,3,4,0,0,0
"827",2,5,2,2,2,3,1,1,1.5,14.5
"828",1,1,2,2,4,3,4,1,0,0
"829",2,1,2,2,3,3,7,1,1.5,0
"830",1,1,2,1,3,3,8,1,0,0
"831",2,1,2,2,3,3,6,0,1.5,0
"832",4,1,2,2,4,3,5,1,7.5,0
"833",1,1,2,2,2,3,3,1,0,0
"834",1,1,2,3,4,3,5,1,0,0
"835",1,1,2,3,4,3,1,1,0,0
"836",1,1,2,3,3,3,1,0,0,0
"837",1,1,2,2,2,3,7,1,0,0
"838",1,1,2,2,3,3,4,1,0,0
"839",3,4,2,2,3,3,6,0,4,7.5
"840",1,1,2,2,3,3,7,0,0,0
"841",2,1,2,1,4,4,1,NA,1.5,0
"842",1,1,2,1,4,4,3,1,0,0
"843",2,1,2,1,3,4,7,1,1.5,0
"844",1,1,2,NA,2,4,8,1,0,0
"845",7,6,2,2,2,4,6,1,40,30
"846",1,1,2,1,4,4,1,0,0,0
"847",2,1,2,2,4,4,1,1,1.5,0
"848",2,1,2,2,4,4,4,1,1.5,0
"849",1,1,2,3,4,4,1,1,0,0
"850",2,1,2,3,2,4,1,1,1.5,0
"851",3,1,2,2,4,4,1,1,4,0
"852",1,1,2,2,4,4,1,1,0,0
"853",4,5,2,3,2,4,1,1,7.5,14.5
"854",1,1,2,3,4,4,4,0,0,0
"855",1,1,2,1,4,4,7,1,0,0
"856",1,1,2,1,3,4,2,1,0,0
"857",1,1,2,NA,4,4,3,1,0,0
"858",1,1,2,1,4,4,2,1,0,0
"859",1,1,2,3,4,4,5,1,0,0
"860",1,1,2,2,4,4,1,1,0,0
"861",1,1,2,3,4,4,5,1,0,0
"862",1,1,2,NA,4,4,2,1,0,0
"863",4,1,2,2,4,4,2,1,7.5,0
"864",1,1,2,1,4,4,7,1,0,0
"865",1,1,2,2,4,4,6,1,0,0
"866",1,1,2,1,4,4,1,1,0,0
"867",1,1,2,2,4,4,6,1,0,0
"868",1,1,2,2,4,4,8,1,0,0
"869",1,1,2,2,4,4,2,1,0,0
"870",1,1,2,2,4,4,5,1,0,0
"871",1,1,2,1,4,4,1,1,0,0
"872",6,1,2,1,4,4,1,1,30,0
"873",1,1,2,2,4,4,6,1,0,0
"874",1,1,2,2,3,4,1,1,0,0
"875",1,1,2,1,3,4,1,0,0,0
"876",1,1,2,2,1,4,5,1,0,0
"877",2,1,2,2,4,4,1,1,1.5,0
"878",2,1,2,1,4,4,1,1,1.5,0
"879",2,2,2,2,1,4,3,1,1.5,1.5
"880",1,1,2,1,2,4,7,1,0,0
"881",1,1,2,2,4,4,4,1,0,0
"882",4,1,2,2,3,4,3,1,7.5,0
"883",1,1,2,2,4,4,2,1,0,0
"884",1,1,2,2,3,4,1,1,0,0
"885",1,1,2,2,4,4,8,0,0,0
"886",2,1,2,3,4,4,1,0,1.5,0
"887",1,1,2,2,3,4,5,0,0,0
"888",1,1,2,NA,4,4,1,1,0,0
"889",1,1,2,1,4,4,5,1,0,0
"890",2,1,2,2,4,4,2,1,1.5,0
"891",2,1,2,3,4,4,8,1,1.5,0
"892",1,3,2,2,3,4,6,1,0,4
"893",2,1,2,2,4,4,1,1,1.5,0
"894",1,1,2,3,4,4,5,1,0,0
"895",3,3,2,1,4,4,8,1,4,4
"896",1,1,2,2,4,4,3,1,0,0
"897",1,2,2,2,2,4,3,0,0,1.5
"898",1,1,2,2,4,4,2,1,0,0
"899",1,1,2,1,3,4,1,1,0,0
"900",1,1,2,2,4,4,1,0,0,0
"901",3,1,2,2,4,4,1,1,4,0
"902",1,1,2,2,4,4,1,1,0,0
"903",3,6,2,1,2,4,2,0,4,30
"904",2,1,2,2,4,4,4,1,1.5,0
"905",1,1,2,2,4,4,1,1,0,0
"906",2,1,2,1,4,4,8,0,1.5,0
"907",2,1,2,2,4,4,1,1,1.5,0
"908",1,1,2,2,4,4,1,1,0,0
"909",1,1,2,2,4,4,7,1,0,0
"910",2,1,2,2,4,4,4,1,1.5,0
"911",1,1,2,2,4,4,3,1,0,0
"912",1,1,2,1,4,4,1,1,0,0
"913",2,1,2,3,1,4,5,1,1.5,0
"914",1,1,2,2,4,4,2,1,0,0
"915",1,1,2,2,4,4,7,1,0,0
"916",4,1,2,2,4,4,7,1,7.5,0
"917",3,2,2,3,1,4,2,1,4,1.5
"918",1,1,2,2,4,4,2,1,0,0
"919",1,1,2,1,4,4,6,1,0,0
"920",4,1,2,2,4,4,5,1,7.5,0
"921",2,1,2,2,4,4,2,1,1.5,0
"922",1,1,2,2,4,4,4,1,0,0
"923",1,1,2,2,2,4,1,1,0,0
"924",1,1,2,2,3,4,1,1,0,0
"925",1,1,2,2,4,4,3,0,0,0
"926",1,1,2,2,2,4,8,1,0,0
"927",1,1,2,3,4,4,8,1,0,0
"928",2,1,2,3,4,4,8,1,1.5,0
"929",1,1,2,3,2,4,6,1,0,0
"930",1,1,2,2,4,4,2,0,0,0
"931",1,1,2,2,4,4,4,1,0,0
"932",1,1,2,2,4,4,1,1,0,0
"933",1,1,2,2,4,4,1,0,0,0
"934",1,1,2,1,4,4,1,1,0,0
"935",1,2,2,NA,2,4,3,1,0,1.5
"936",1,1,2,2,4,4,3,1,0,0
"937",1,1,2,1,4,4,1,1,0,0
"938",1,1,2,NA,4,4,5,1,0,0
"939",1,1,2,2,4,4,1,1,0,0
"940",5,3,2,2,3,4,1,1,14.5,4
"941",1,1,2,2,4,4,1,1,0,0
"942",2,1,2,2,4,4,4,1,1.5,0
"943",1,3,2,1,3,4,6,1,0,4
"944",1,1,2,3,4,4,1,1,0,0
"945",1,1,2,2,4,4,1,1,0,0
"946",3,1,2,2,4,4,1,1,4,0
"947",1,1,2,2,4,4,3,1,0,0
"948",4,2,2,2,3,4,1,1,7.5,1.5
"949",1,1,2,1,4,4,4,1,0,0
"950",1,1,2,2,3,4,8,1,0,0
"951",4,1,2,3,4,4,4,1,7.5,0
"952",3,3,2,2,4,4,1,0,4,4
"953",1,1,2,2,1,4,6,0,0,0
"954",2,1,2,3,4,4,5,1,1.5,0
"955",1,2,2,NA,4,4,1,1,0,1.5
"956",1,1,2,2,4,4,3,1,0,0
"957",1,1,2,2,4,4,4,1,0,0
"958",1,1,2,1,4,4,5,1,0,0
"959",1,1,2,2,4,4,7,1,0,0
"960",1,1,2,NA,3,4,8,1,0,0
